,PFAF_ID,Glob_importance_biod_abs,Glob_importance_carbonwater_abs,Ground_Water_Qual_Mexico_abs,NCP_global_abs,NCP_local_abs,STARR_abs,START_abs,Superf_Water_Qual_Mexico_abs,WRI_WaterRisk_bwd_raw_abs,WRI_WaterRisk_bws_raw_abs,WRI_WaterRisk_cep_raw_abs,WRI_WaterRisk_drr_raw_abs,WRI_WaterRisk_udw_raw_abs,Water_Qual_Mexico_abs,deforestation_abs,ecological_intactness_abs,land_degradation_abs,terr_acidification_NH3_abs,Unnamed: 0,Glob_importance_biod,Glob_importance_carbonwater,Ground_Water_Qual_Mexico,NCP_global,NCP_local,STARR,START,Superf_Water_Qual_Mexico,WRI_WaterRisk_bwd_raw,WRI_WaterRisk_bws_raw,WRI_WaterRisk_cep_raw,WRI_WaterRisk_drr_raw,WRI_WaterRisk_udw_raw,Water_Qual_Mexico,deforestation,ecological_intactness,land_degradation,terr_acidification_NH3,Category_L4_LCA,Global Warming Potential_pton(kg CO2-Eq_pton),Land Use_pton (m2_pton),Water Pollution_pton (kg P eq_pton),Land Transformation_pton (m2_pton),Soil Pollution_pton (kg SO2 eq_pton),Water Us_pton (m3_pton),Updated_crop_weight_in_tonnes,merge_ind_abs,Global Warming Potential(kg CO2-Eq),Land Use (m2)_TOTAL,Freshwater Pollution (kg P-eq)_TOTAL,Land Transformation (m2)_TOTAL,Soil Pollution (kg SO2-eq)_TOTAL,Freshwater Use (m3)_TOTAL,ISO3,Country_ISO3,CF WC hierarchist species-eq·yr/m3_EE_end,CF WC all  species-eq·yr/m3_EE_end,merge_ind_cf,Acidification - Terrestrial ecosystems,Water consumption - terrestrial ecosystems,Land use - occupation and transformation,Eutrophication - Freshwater ecosystems,Water consumption -aquatic ecosystems,Endpoint_landuse,Endpoint_landtrans,Endpoint_water_pollution,Endpoint_water_use,Endpoint_soil_pollution,biodiversity_theme_risk,land_theme_risk,water_theme_risk,landuse_rel_risk,soilpoll_rel_risk,landtrans_rel_risk,wateruse_rel_risk,waterpoll_rel_risk,biodiversity_theme_score,water_theme_score,land_theme_score,EP_risk_landuse,EP_risk_landtrans,EP_risk_soilpoll,EP_risk_wateruse,EP_risk_waterpoll,EP_risk_landuse_pton,EP_risk_landtrans_pton,EP_risk_soilpoll_pton,EP_risk_wateruse_pton,EP_risk_waterpoll_pton,Total_EP_risk,Total_EP_risk_pton,biodiversity_theme_score_pton,water_theme_score_pton,land_theme_score_pton,Quantity_Rank,Quantity_Rank_ABC,Quantity_Class
54,7714705,39.395942483036926,53.28226730574404,1.228975042780157,0.9467373213236734,5.166485897446812,11.793767292973838,64.34731527911391,1.836507649347443,0.5058015532815148,1.01912283651595,0.0680949754067307,2.5988826078443057,0.0234986323253037,1.836507649347443,0.0514104814576753,0.9293810136249928,0.0827602220098586,3.861040046286723e-12,54,4.0,2.0,4.0,2.0,2.0,4.0,4.0,3.0,5.0,5.0,2.0,2.0,1.0,3.0,4.0,5.0,4.0,4.0,Agave,84.22999999130639,1481.0000000000002,0.0140199975064919,50.0,0.3120000041016045,0.0799999901918153,71436,both,6017054.279378963,105796716.00000001,1001.5325418737553,3571800.0,22288.03229300222,5714.879299342519,MEX,MEX,9.66e-09,2.01e-12,both,2.12e-07,1.35e-08,8.88e-09,6.71e-07,6.04e-13,0.9394748380800002,0.031717584,0.0006720283355972898,5.521722093904041e-05,0.004725062846116471,3.25,4.0,3.8,3.3333333333333335,4.0,3.5,4.0,3.5,3.053293223760001,0.001286484029173338,1.8883998018522334,3.1315827936000007,0.111011544,0.018900251384465883,0.00022086888375616164,0.0023520991745905146,4.383760000000001e-05,1.554e-06,2.6457600347816064e-07,3.0918428209328857e-09,3.292596414399623e-08,3.2640675570428135,4.56921938104431e-05,4.274166000000001e-05,1.8008903482464555e-08,2.643484800173909e-05,2.0,B,5
55,7714706,42.233547121448886,43.200214162853705,1.1399344864026262,0.5837518250919045,7.6660816067273,3.949858981349282,7.319401271486549,1.789467305033108,0.5054566559116818,1.019122800052838,0.0477927494621794,2.601288911872829,0.0232247583334153,1.789467305033108,0.0039226823045482,0.8943890503710775,-0.0211569667525871,3.861039588538345e-12,55,4.0,1.0,2.0,1.0,4.0,3.0,2.0,2.0,5.0,5.0,2.0,2.0,1.0,2.0,3.0,4.0,3.0,3.0,Agave,84.22999999130639,1481.0000000000002,0.0140199975064919,50.0,0.3120000041016045,0.0799999901918153,62343,both,5251150.889458014,92329983.00000001,874.0487045472245,3117150.0,19451.01625570633,4987.439388528342,MEX,MEX,9.66e-09,2.01e-12,both,2.12e-07,1.35e-08,8.88e-09,6.71e-07,6.04e-13,0.8198902490400002,0.027680292000000002,0.0005864866807511876,4.8188689246354726e-05,0.004123615446209742,2.75,3.0,3.2,3.0,3.0,2.5,4.0,2.0,2.2546981848600005,0.000682864059243897,1.2360207967293149,2.4596707471200006,0.06920073,0.012370846338629225,0.0001927547569854189,0.0011729733615023752,3.945384000000001e-05,1.11e-06,1.9843200260862046e-07,3.0918428209328857e-09,1.881483665371213e-08,2.5426080515771177,4.078417868208328e-05,3.616602000000001e-05,1.0953339737322506e-08,1.9826136001304314e-05,3.0,C,5
51,7714702,50.83582961802627,40.726807446680326,1.1198729703879986,0.2988290663784793,2.6844774219785514,5.710307717797325,5.64495760031329,2.2375950792264128,0.5045648854530667,1.019122785877817,0.043020366958745,2.6004266327268346,0.0230751840159582,2.2375950792264128,0.0,0.9131266486746636,0.082512341471864,3.86103905404626e-12,51,5.0,1.0,1.0,1.0,1.0,4.0,1.0,5.0,5.0,5.0,2.0,2.0,1.0,5.0,0.0,5.0,4.0,3.0,Agave,84.22999999130639,1481.0000000000002,0.0140199975064919,50.0,0.3120000041016045,0.0799999901918153,75285,both,6341255.549345502,111497085.00000001,1055.4955122762426,3764250.0,23488.920308789297,6022.799261590815,MEX,MEX,9.66e-09,2.01e-12,both,2.12e-07,1.35e-08,8.88e-09,6.71e-07,6.04e-13,0.9900941148000002,0.033426540000000005,0.0007082374887373588,5.819234669348307e-05,0.004979651105463331,2.0,3.5,3.6,2.0,3.0,3.0,4.0,3.0,1.9801882296000004,0.0011787409264930042,1.9876577062581955,1.9801882296000004,0.10027962000000001,0.014938953316389992,0.0002327693867739323,0.0021247124662120763,2.6302560000000005e-05,1.3320000000000001e-06,1.9843200260862046e-07,3.0918428209328857e-09,2.8222254980568192e-08,2.0977642847693767,2.786430610041013e-05,2.6302560000000005e-05,1.5657048900750537e-08,2.6401776001304315e-05,1.0,A,5
43,7714601,48.24432102193835,29.34837331510478,1.1223627785016983,0.6323131395125285,6.80574039262598,6.34818052677675,6.734828466451627,2.287697060645548,0.5249415226539637,1.0134361048213103,0.0430203571564585,2.6390687415888747,0.027563728458174,2.287697060645548,0.0,0.8997502709614956,-0.0558482853320658,4.216068836316313e-12,43,4.0,1.0,1.0,1.0,4.0,4.0,2.0,5.0,5.0,4.0,1.0,3.0,1.0,5.0,0.0,4.0,3.0,4.0,Agave,84.22999999130639,1481.0000000000002,0.0140199975064919,50.0,0.3120000041016045,0.0799999901918153,45759,both,3854280.569602189,67769079.00000001,641.5410658995628,2287950.0,14276.808187685321,3660.7195511872765,MEX,MEX,9.66e-09,2.01e-12,both,2.12e-07,1.35e-08,8.88e-09,6.71e-07,6.04e-13,0.6017894215200001,0.020316996,0.0004304740552186066,3.5369908910766976e-05,0.003026683335789288,2.75,3.5,3.6,3.0,4.0,2.5,4.0,3.0,1.6549209091800003,0.0007164509006494438,0.9087374989515788,1.8053682645600004,0.05079249,0.012106733343157152,0.0001414796356430679,0.0012914221656558198,3.945384000000001e-05,1.11e-06,2.6457600347816064e-07,3.0918428209328853e-09,2.822225498056819e-08,1.8697003897044568,4.085973010127968e-05,3.616602000000001e-05,1.5657048900750537e-08,1.9859208001739087e-05,4.0,D,3
8,7713000,22.639158990946925,71.63081596023747,1.2266669214282426,0.9509004588995614,3.757075386415784,28.233519391464995,112.66432614741326,2.3061667094008667,0.3647777431247247,0.9801624967949352,0.0430203644257889,2.660440211567162,0.0309266556831554,2.3061667094008667,0.0496185824994,0.9186078222182644,0.3436974040617213,6.389567568647722e-12,8,2.0,4.0,4.0,2.0,2.0,5.0,5.0,5.0,4.0,4.0,2.0,3.0,2.0,5.0,4.0,5.0,5.0,5.0,Agave,84.22999999130639,1481.0000000000002,0.0140199975064919,50.0,0.3120000041016045,0.0799999901918153,23754,both,2000799.419793492,35179674.00000001,333.03102076920857,1187700.0,7411.248097429513,1900.3197670163809,MEX,MEX,9.66e-09,2.01e-12,both,2.12e-07,1.35e-08,8.88e-09,6.71e-07,6.04e-13,0.3123955051200001,0.010546776,0.00022346381493613894,1.8360908592109943e-05,0.0015711845966550567,4.0,5.0,4.0,4.0,5.0,4.5,3.6666666666666665,4.5,1.2495820204800003,0.0005364552493585142,0.7849167242916378,1.2495820204800003,0.04746049200000001,0.007855922983275284,6.732333150440312e-05,0.0010055871672126253,5.260512000000002e-05,1.998e-06,3.307200043477008e-07,2.8341892525218118e-09,4.233338247085229e-08,1.3059713459619926,5.497900757607109e-05,5.260512000000002e-05,2.258378586168705e-08,3.304356000217386e-05,6.0,F,2
44,7714602,48.88339246724891,21.59950560635007,1.14073454344637,0.8162673883563046,12.32838939683406,2.026390108999727,3.003465588609898,2.10628646117631,0.5433162150598162,1.0191227497839337,0.0430203590023592,2.654675523960608,0.0297541306008418,2.10628646117631,0.0,0.8728406703454785,0.0489169680221979,3.861039904422114e-12,44,4.0,1.0,2.0,1.0,5.0,2.0,1.0,4.0,5.0,5.0,1.0,3.0,2.0,4.0,0.0,3.0,4.0,3.0,Agave,84.22999999130639,1481.0000000000002,0.0140199975064919,50.0,0.3120000041016045,0.0799999901918153,18330,both,1543935.899840646,27146730.000000004,256.9865542939965,916500.0,5718.96007518241,1466.3998202159746,MEX,MEX,9.66e-09,2.01e-12,both,2.12e-07,1.35e-08,8.88e-09,6.71e-07,6.04e-13,0.24106296240000005,0.008138520000000002,0.00017243797793127166,1.416836972692495e-05,0.0012124195359386708,2.5,3.5,3.8,3.3333333333333335,3.0,2.0,4.333333333333333,3.0,0.6026574060000002,0.0002893551013052449,0.48394455410390813,0.8035432080000002,0.016277040000000003,0.0036372586078160123,6.139626881667478e-05,0.000517313933793815,4.3837600000000015e-05,8.880000000000001e-07,1.9843200260862043e-07,3.3494963893439597e-09,2.8222254980568192e-08,0.8240362168104267,4.4955603753978547e-05,3.2878200000000007e-05,1.5785875684956078e-08,2.640177600130432e-05,7.0,G,1
57,7714708,45.63772420696785,34.69161182860987,1.1140996541510084,0.6098189780018708,8.065497460491983,2.982933962535077,2.978678030178709,1.674296558330735,0.5287494346107455,1.0191228492131217,0.0430203626124228,2.6539128013358058,0.0235067693984925,1.674296558330735,0.0,0.8670653340439921,-0.1331131595182319,3.861040043041805e-12,57,4.0,1.0,1.0,1.0,4.0,3.0,1.0,2.0,5.0,5.0,2.0,3.0,1.0,2.0,0.0,3.0,2.0,4.0,Agave,84.22999999130639,1481.0000000000002,0.0140199975064919,50.0,0.3120000041016045,0.0799999901918153,24714,both,2081660.219785146,36601434.00000001,346.4902183754408,1235700.0,7710.7681013670535,1977.1197576005236,MEX,MEX,9.66e-09,2.01e-12,both,2.12e-07,1.35e-08,8.88e-09,6.71e-07,6.04e-13,0.3250207339200001,0.010973016,0.00023249493652992078,1.9102950869133832e-05,0.0016346828374898153,2.25,3.0,3.2,2.3333333333333335,4.0,2.0,4.333333333333333,1.5,0.7312966513200002,0.00021576092928056388,0.32829009959497973,0.7583817124800002,0.021946032,0.006538731349959261,8.27794537662466e-05,0.0003487424047948812,3.0686320000000006e-05,8.88e-07,2.645760034781606e-07,3.349496389343959e-09,1.4111127490284098e-08,0.7872979976885206,3.18563566273578e-05,2.959038000000001e-05,8.730311939814027e-09,1.3283568001739084e-05,5.0,E,2
11,7713042,31.13650268868507,73.39562401068738,1.141245863831292,1.1389896522110086,8.547245641411363,4.190155357162904,42.11094334115428,2.069762151004188,0.3222224083517631,1.0191226761678098,0.18579225538476474,2.695436076372128,0.03392989264204,2.069762151004188,0.0621236029467483,0.8853937464216353,0.5849187184963571,6.389567336933937e-12,11,3.0,4.0,2.0,3.0,4.0,3.0,3.0,4.0,4.0,5.0,2.0,3.0,3.0,4.0,4.0,4.0,5.0,5.0,Agave,84.22999999130639,1481.0000000000002,0.0140199975064919,50.0,0.3120000041016045,0.0799999901918153,8902,both,749815.4599226095,13183862.000000002,124.80601780279089,445100.0,2777.4240365124833,712.1599126875399,MEX,MEX,9.66e-09,2.01e-12,both,2.12e-07,1.35e-08,8.88e-09,6.71e-07,6.04e-13,0.11707269456000002,0.0039524880000000005,8.374483794567269e-05,6.880896197986137e-06,0.0005888138957406465,3.75,5.0,3.6,4.0,5.0,4.0,4.0,3.0,0.4390226046000001,0.0001393790493144813,0.29415377113935165,0.4682907782400001,0.015809952000000002,0.002944069478703232,2.7523584791944548e-05,0.0002512345138370181,5.260512000000001e-05,1.7760000000000002e-06,3.307200043477008e-07,3.0918428209328857e-09,2.82222549805682e-08,0.48732355781733233,5.4743154102149214e-05,4.931730000000001e-05,1.565704890075054e-08,3.304356000217385e-05,10.0,J,1
26,7713089,39.29116758760339,57.10404296942033,1.2047558999296428,0.3713322180024539,3.0770278125750763,52.83901482650925,107.64596561073547,2.2312994163349007,0.1863078443270154,0.6222896092168034,0.18579225538476474,2.466010517125991,0.0382178657747237,2.2312994163349007,0.0,0.919515194208238,0.6387281152400728,6.389566951903714e-12,26,4.0,2.0,3.0,1.0,1.0,5.0,5.0,5.0,3.0,3.0,2.0,1.0,4.0,5.0,0.0,5.0,5.0,5.0,Agave,84.22999999130639,1481.0000000000002,0.0140199975064919,50.0,0.3120000041016045,0.0799999901918153,9440,both,795131.1999179323,13980640.000000002,132.34877646128353,472000.0,2945.2800387191464,755.1999074107365,MEX,MEX,9.66e-09,2.01e-12,both,2.12e-07,1.35e-08,8.88e-09,6.71e-07,6.04e-13,0.12414808320000002,0.004191360000000001,8.880602900552125e-05,7.29674905740161e-06,0.000624399368208459,3.25,5.0,3.0,3.6666666666666665,5.0,3.5,2.3333333333333335,4.0,0.4034812704000001,0.0001861249319113444,0.3119312064205212,0.45520963840000006,0.014669760000000002,0.003121996841042295,1.702574780060376e-05,0.000355224116022085,4.822136000000001e-05,1.5540000000000003e-06,3.307200043477007e-07,1.8035749788775168e-09,3.762967330742426e-08,0.473373645104865,5.0145513252634006e-05,4.274166000000001e-05,1.971662414315089e-08,3.304356000217385e-05,9.0,I,1
36,7714504,27.50129011034308,76.96609645507007,1.169626844005644,0.7596363167052445,7.014718851068552,95.506198871203,121.2565397298497,2.2965086264981927,0.1958071909284038,0.6324628473983765,0.18579225538476474,2.471332945573594,0.0380606935854168,2.2965086264981927,0.0,0.9010463320042488,-0.1584762640009671,6.389566703540794e-12,36,3.0,4.0,2.0,1.0,4.0,5.0,5.0,5.0,3.0,3.0,2.0,1.0,4.0,5.0,0.0,4.0,2.0,5.0,Agave,84.22999999130639,1481.0000000000002,0.0140199975064919,50.0,0.3120000041016045,0.0799999901918153,8389,both,706605.4699270693,12424109.000000002,117.61375908196055,419450.0,2617.36803440836,671.1199177191386,MEX,MEX,9.66e-09,2.01e-12,both,2.12e-07,1.35e-08,8.88e-09,6.71e-07,6.04e-13,0.11032608792000002,0.0037247160000000003,7.891883234399553e-05,6.484367356201495e-06,0.0005548820232945724,4.25,3.5,2.8,3.6666666666666665,5.0,4.0,2.3333333333333335,3.5,0.4688858736600001,0.0001456730518508939,0.11171329297823646,0.40452898904000006,0.014898864000000001,0.002774410116472862,1.5130190497803488e-05,0.00027621591320398434,4.822136000000001e-05,1.7760000000000002e-06,3.307200043477008e-07,1.8035749788775168e-09,3.2925964143996225e-08,0.4224936092601747,5.036280954347058e-05,5.589294000000001e-05,1.7364769561436873e-08,1.3316640002173854e-05,11.0,K,1
30,7714300,13.508321537542072,88.83829385675192,1.2865356940643575,1.645949718473782,6.387336824887547,2.785699765656947,106.3340819728854,1.9223624610738888,0.0526741550281526,0.1332482070397282,0.18579225538476474,2.413074848227486,0.0457282463492026,1.9223624610738888,0.0,0.8767338351249896,-0.0135932287120372,6.389567899939023e-12,30,1.0,5.0,5.0,3.0,3.0,3.0,5.0,3.0,1.0,1.0,2.0,1.0,5.0,3.0,0.0,3.0,3.0,5.0,Agave,84.22999999130639,1481.0000000000002,0.0140199975064919,50.0,0.3120000041016045,0.0799999901918153,8007,both,674429.6099303903,11858367.000000002,112.25812003448064,400350.0,2498.1840328415474,640.5599214658652,MEX,MEX,9.66e-09,2.01e-12,both,2.12e-07,1.35e-08,8.88e-09,6.71e-07,6.04e-13,0.10530229896000003,0.0035551080000000004,7.532519854313651e-05,6.189096366802404e-06,0.000529615014962408,4.0,4.0,2.2,3.6666666666666665,5.0,4.0,1.0,4.0,0.4212091958400001,0.00015374494526967423,0.15927748597740604,0.3861084295200001,0.014220432000000002,0.00264807507481204,6.189096366802404e-06,0.00030130079417254604,4.822136000000001e-05,1.7760000000000002e-06,3.307200043477008e-07,7.729607052332214e-10,3.762967330742426e-08,0.40328442648535145,5.036648263836037e-05,5.260512000000001e-05,1.9201317006328742e-08,1.9892280002173854e-05,12.0,L,1
50,7714701,40.596868299410616,46.37523300541973,1.1227694445043046,0.3802645082912217,2.183331660991929,22.32908177008695,47.4040233167042,2.511723169358575,0.5211959171524313,1.0188773111982674,0.0430203706269971,2.6239016420821257,0.0259849156138211,2.511723169358575,0.0,0.9063430738732356,0.1020599198521964,5.287430779987689e-12,50,4.0,2.0,1.0,1.0,1.0,5.0,3.0,5.0,5.0,5.0,2.0,3.0,1.0,5.0,0.0,4.0,4.0,4.0,Agave,84.22999999130639,1481.0000000000002,0.0140199975064919,50.0,0.3120000041016045,0.0799999901918153,10554,both,888963.4199082475,15630474.000000002,147.9670536835155,527700.0,3292.848043288334,844.3198964844188,MEX,MEX,9.66e-09,2.01e-12,both,2.12e-07,1.35e-08,8.88e-09,6.71e-07,6.04e-13,0.13879860912000003,0.0046859760000000006,9.92858930216389e-05,8.157827283031418e-06,0.0006980837851771267,2.5,4.0,3.8,2.6666666666666665,4.0,3.0,4.333333333333333,3.0,0.34699652280000004,0.00016660413197902644,0.2789933858103543,0.3701296243200001,0.014057928,0.002792335140708507,3.535058489313614e-05,0.0002978576790649167,3.507008000000001e-05,1.3320000000000001e-06,2.645760034781606e-07,3.349496389343959e-09,2.8222254980568192e-08,0.3873130957246666,3.6698227754848076e-05,3.2878200000000007e-05,1.5785875684956078e-08,2.643484800173909e-05,8.0,H,1
37,7714505,38.62156602306596,60.31760237138784,1.1583921860826747,1.0078188273454711,6.078721795224828,72.02631365815732,98.2024588570688,2.259230584666969,0.2042952267265048,0.6926498264788779,0.18579225538476474,2.506983364649475,0.0285752867268236,2.259230584666969,0.0,0.8896765770980167,0.1562057560367937,6.389566830509578e-12,37,4.0,2.0,2.0,2.0,3.0,5.0,4.0,5.0,3.0,3.0,2.0,1.0,2.0,5.0,0.0,4.0,4.0,5.0,Agave,84.22999999130639,1481.0000000000002,0.0140199975064919,50.0,0.3120000041016045,0.0799999901918153,6539,both,550779.9699431525,9684259.000000002,91.67676369495054,326950.0,2040.1680268203918,523.1199358642803,MEX,MEX,9.66e-09,2.01e-12,both,2.12e-07,1.35e-08,8.88e-09,6.71e-07,6.04e-13,0.08599621992000002,0.0029033160000000004,6.151510843931181e-05,5.054390051520034e-06,0.000432515621685923,3.25,4.5,2.8,3.6666666666666665,5.0,3.0,2.3333333333333335,3.5,0.27948771474000006,0.00011354822816223569,0.17307372889421485,0.3153194730400001,0.008709948000000002,0.002162578108429615,1.179357678688008e-05,0.0002153028795375913,4.822136000000001e-05,1.3320000000000003e-06,3.307200043477007e-07,1.8035749788775164e-09,3.2925964143996225e-08,0.3264190956047542,4.991880954347059e-05,4.274166000000001e-05,1.736476956143687e-08,2.646792000217386e-05,14.0,N,1
53,7714704,24.379533560988737,75.91743309440426,1.2112201656865846,1.4855420862472135,7.150697149216116,22.1940744134964,165.3549787800434,1.8824950586776348,0.5045557219331072,1.0191063707146415,0.0430203654217006,2.6004277175909256,0.0230754100570229,1.8824950586776348,0.1290036018921582,0.938594862540008,-0.4389830501732872,3.861039876737827e-12,53,2.0,4.0,4.0,3.0,4.0,5.0,5.0,3.0,5.0,5.0,2.0,2.0,1.0,3.0,4.0,5.0,1.0,3.0,Agave,84.22999999130639,1481.0000000000002,0.0140199975064919,50.0,0.3120000041016045,0.0799999901918153,7003,both,589862.6899391186,10371443.000000002,98.18204253796277,350150.0,2184.9360287235363,560.2399313132826,MEX,MEX,9.66e-09,2.01e-12,both,2.12e-07,1.35e-08,8.88e-09,6.71e-07,6.04e-13,0.09209841384000002,0.0031093320000000002,6.588015054297303e-05,5.4130438187482494e-06,0.00046320643808938966,4.5,2.0,3.8,3.3333333333333335,3.0,4.5,4.0,3.5,0.4144428622800001,0.0001261163510876993,0.0467440165771341,0.30699471280000007,0.013991994,0.001389619314268169,2.1652175274992998e-05,0.00023058052690040558,4.383760000000001e-05,1.998e-06,1.9843200260862043e-07,3.0918428209328857e-09,3.2925964143996225e-08,0.32262855881644364,4.607004980957356e-05,5.918076000000001e-05,1.8008903482464555e-08,6.674856001304312e-06,13.0,M,1
35,7714503,38.533688328624216,67.72252926382464,1.1899910879234328,0.964060001513646,7.423819453069209,84.54630980842674,111.58973980811624,2.2448591823982365,0.1921490493865852,0.6507416865898717,0.18579225538476474,2.4837620218430776,0.0337699615111815,2.2448591823982365,0.0,0.8944188915983671,-0.0710813075986004,6.389567299203807e-12,35,4.0,3.0,3.0,2.0,4.0,5.0,5.0,5.0,3.0,3.0,2.0,1.0,2.0,5.0,0.0,4.0,3.0,5.0,Agave,84.22999999130639,1481.0000000000002,0.0140199975064919,50.0,0.3120000041016045,0.0799999901918153,5823,both,490471.28994937707,8623863.000000002,81.63844548030234,291150.0,1816.776023883643,465.83994288694055,MEX,MEX,9.66e-09,2.01e-12,both,2.12e-07,1.35e-08,8.88e-09,6.71e-07,6.04e-13,0.07657990344000003,0.002585412,5.4779396917282867e-05,4.500950186573048e-06,0.0003851565170633323,4.0,4.0,3.0,4.0,5.0,3.5,2.3333333333333335,4.0,0.3063196137600001,0.00011480990238556763,0.11583274645265837,0.3063196137600001,0.009048942,0.0019257825853166615,1.050221710200378e-05,0.00021911758766913147,5.260512000000002e-05,1.554e-06,3.307200043477007e-07,1.8035749788775168e-09,3.762967330742426e-08,0.31752395815008794,5.452927325263403e-05,5.260512000000002e-05,1.971662414315089e-08,1.9892280002173857e-05,16.0,P,1
52,7714703,19.23705238812952,72.53891169897615,1.2133184021100774,1.0145353671846578,8.33296995998129,6.700742554960761,37.64689205342758,2.304613683020633,0.410451111883478,0.8583821656878541,0.043020365423984,2.60968991996258,0.0255776696328803,2.304613683020633,0.0026484077706988,0.9143053666693906,0.0195741500287472,4.484405704618571e-12,52,2.0,4.0,4.0,2.0,4.0,4.0,3.0,5.0,4.0,4.0,2.0,2.0,1.0,5.0,3.0,5.0,3.0,4.0,Agave,84.22999999130639,1481.0000000000002,0.0140199975064919,50.0,0.3120000041016045,0.0799999901918153,6186,both,521046.77994622133,9161466.000000002,86.7277045751589,309300.0,1930.0320253725254,494.8799393265695,MEX,MEX,9.66e-09,2.01e-12,both,2.12e-07,1.35e-08,8.88e-09,6.71e-07,6.04e-13,0.08135381808000003,0.0027465840000000003,5.819428976993162e-05,4.781534922572708e-06,0.00040916678937897536,4.0,3.5,3.8,3.3333333333333335,4.0,4.5,3.3333333333333335,4.5,0.3254152723200001,0.00013890637685330066,0.12284906069875799,0.2711793936000001,0.012359628000000001,0.0016366671575159014,1.5938449741909027e-05,0.0002618743039646923,4.3837600000000015e-05,1.998e-06,2.645760034781606e-07,2.5765356841107382e-09,4.233338247085229e-08,0.2854535015112226,4.614508592163314e-05,5.260512000000002e-05,2.2454959077481517e-08,1.9859208001739087e-05,15.0,O,1
56,7714707,38.6484742206235,37.59669664268585,1.2469952787769785,0.5193812293914868,3.3893232913669067,14.84726318944844,59.52288369304557,1.5986514538369303,0.5201528776978417,1.019122733063549,0.359103412582434,2.580951551258993,0.0284130683734262,1.5986514538369303,0.0,0.9553329725405836,0.4655958202188249,3.861040152665253e-12,56,4.0,1.0,4.0,1.0,1.0,4.0,4.0,1.0,5.0,5.0,3.0,2.0,2.0,1.0,0.0,5.0,5.0,4.0,Agave,84.22999999130639,1481.0000000000002,0.0140199975064919,50.0,0.3120000041016045,0.0799999901918153,5259,both,442965.5699542803,7788579.000000001,73.7311668866409,262950.0,1640.808021570338,420.7199484187567,MEX,MEX,9.66e-09,2.01e-12,both,2.12e-07,1.35e-08,8.88e-09,6.71e-07,6.04e-13,0.06916258152000002,0.002334996,4.947361298093605e-05,4.065000348821511e-06,0.00034785130057291165,2.75,4.5,3.4,3.3333333333333335,4.0,3.0,4.0,2.5,0.19019709918000005,6.997201692381309e-05,0.17360215640114585,0.23054193840000006,0.007004988,0.0013914052022916466,1.6260001395286044e-05,0.00012368403245234012,4.383760000000001e-05,1.3320000000000001e-06,2.645760034781606e-07,3.0918428209328853e-09,2.3518545817140163e-08,0.23907827563613931,4.546078639211624e-05,3.616602000000001e-05,1.3305194319036526e-08,3.3010488001739086e-05,17.0,Q,1
24,7713087,26.391776886383347,73.69563773850824,1.2224171912266912,1.0954379158648635,7.752003096541631,2.339190943801496,28.306317080442323,2.0897205150964875,0.2084185425757534,0.6868467173779,0.18579225538476474,2.5033334829656333,0.0375202903515963,2.0897205150964875,0.0,0.9230006801359594,0.5491824782835538,6.3895671061156716e-12,24,3.0,4.0,4.0,2.0,4.0,3.0,3.0,4.0,3.0,3.0,2.0,1.0,3.0,4.0,0.0,5.0,5.0,5.0,Agave,84.22999999130639,1481.0000000000002,0.0140199975064919,50.0,0.3120000041016045,0.0799999901918153,3468,both,292109.63996985054,5136108.000000001,48.62135135251391,173400.0,1082.0160142243644,277.4399659852155,MEX,MEX,9.66e-09,2.01e-12,both,2.12e-07,1.35e-08,8.88e-09,6.71e-07,6.04e-13,0.04560863904000001,0.0015397920000000001,3.262492675753683e-05,2.680627725748812e-06,0.00022938739501556524,4.0,5.0,3.0,4.0,5.0,4.5,2.3333333333333335,4.0,0.18243455616000004,6.837725252844728e-05,0.11459506608753894,0.18243455616000004,0.006929064,0.001146936975077826,6.254798026747229e-06,0.00013049970703014733,5.260512000000001e-05,1.998e-06,3.307200043477007e-07,1.803574978877517e-09,3.762967330742426e-08,0.19064731164013476,5.497327325263402e-05,5.260512000000001e-05,1.9716624143150887e-08,3.304356000217386e-05,22.0,V,1
46,7714604,36.61470180218462,45.92173244682181,1.1297779724485717,0.8965456435748744,11.14432708650986,1.8459162224735672,2.1645639747419203,1.8916689579323616,0.4321753946965531,0.8176208811895418,0.0430203562170669,2.708323504324244,0.0326172534064351,1.8916689579323616,0.0,0.8262398646529281,-0.0147553233970188,3.8434161827925996e-12,46,4.0,2.0,2.0,2.0,5.0,2.0,1.0,3.0,4.0,4.0,1.0,4.0,2.0,3.0,0.0,2.0,3.0,3.0,Agave,84.22999999130639,1481.0000000000002,0.0140199975064919,50.0,0.3120000041016045,0.0799999901918153,4303,both,362441.6899625914,6372743.000000001,60.32804927043465,215150.0,1342.5360176492043,344.23995779538126,MEX,MEX,9.66e-09,2.01e-12,both,2.12e-07,1.35e-08,8.88e-09,6.71e-07,6.04e-13,0.05658995784000001,0.0019105320000000002,4.048012106046165e-05,3.3260499146185518e-06,0.0002846176357416313,2.5,3.0,3.4,3.0,3.0,2.0,4.0,2.5,0.1414748946,5.725225115481416e-05,0.08531186321361246,0.16976987352000003,0.0038210640000000003,0.000853852907224894,1.3304199658474207e-05,0.00010120030265115412,3.945384000000001e-05,8.880000000000001e-07,1.9843200260862048e-07,3.0918428209328857e-09,2.3518545817140163e-08,0.17455929492953456,4.0566882391246704e-05,3.28782e-05,1.3305194319036524e-08,1.9826136001304314e-05,19.0,S,1
38,7714506,46.627936493897046,50.98243852821511,1.1457962033433575,0.9098222182911728,6.584698390235273,6.885731027772864,17.233121793737837,2.341947306739784,0.3199363169998231,0.8772960706704405,0.18579225538476474,2.604788386697329,0.0177071938952492,2.341947306739784,0.0,0.9056648571554926,0.2935733791791969,6.105345181596118e-12,38,4.0,2.0,2.0,2.0,3.0,4.0,2.0,5.0,4.0,4.0,2.0,2.0,1.0,5.0,0.0,4.0,5.0,4.0,Agave,84.22999999130639,1481.0000000000002,0.0140199975064919,50.0,0.3120000041016045,0.0799999901918153,3743,both,315272.8899674598,5543383.000000001,52.47685066679918,187150.0,1167.8160153523056,299.4399632879647,MEX,MEX,9.66e-09,2.01e-12,both,2.12e-07,1.35e-08,8.88e-09,6.71e-07,6.04e-13,0.04922524104000001,0.001661892,3.521196679742225e-05,2.893191919687948e-06,0.0002475769952546888,2.75,4.5,3.4,3.3333333333333335,4.0,3.0,3.3333333333333335,3.5,0.13536941286000004,6.644292842830219e-05,0.12355825659050941,0.16408413680000006,0.0049856760000000005,0.0009903079810187551,9.643973065626494e-06,0.00012324188379097788,4.3837600000000015e-05,1.3320000000000001e-06,2.645760034781606e-07,2.5765356841107382e-09,3.292596414399623e-08,0.17019300663787543,4.546967850330629e-05,3.616602000000001e-05,1.7751249914053484e-08,3.3010488001739086e-05,21.0,U,1
25,7713088,30.8295168438794,56.93069976487234,1.209524604522566,0.5671048948297925,4.322152848581951,16.60971800287147,60.64176845127864,2.2271883583199816,0.3028782411332945,0.962643085842402,0.18579225538476474,2.6627826603757883,0.0345401834163151,2.2271883583199816,0.0,0.95554703179224,0.7381642063661333,6.3895674161252446e-12,25,3.0,2.0,3.0,1.0,2.0,4.0,4.0,5.0,4.0,4.0,2.0,3.0,3.0,5.0,0.0,5.0,5.0,5.0,Agave,84.22999999130639,1481.0000000000002,0.0140199975064919,50.0,0.3120000041016045,0.0799999901918153,3121,both,262881.8299728672,4622201.000000001,43.756412217761216,156050.0,973.7520128011076,249.67996938865556,MEX,MEX,9.66e-09,2.01e-12,both,2.12e-07,1.35e-08,8.88e-09,6.71e-07,6.04e-13,0.04104514488000001,0.001385724,2.9360552598117777e-05,2.4124103610328837e-06,0.00020643542671383482,3.25,5.0,3.8,3.6666666666666665,5.0,3.5,3.6666666666666665,4.0,0.13339672086000004,6.314385752479584e-05,0.1031289507667846,0.15049886456000003,0.0048500340000000005,0.0010321771335691742,8.845504657120574e-06,0.00011744221039247111,4.822136000000001e-05,1.554e-06,3.307200043477008e-07,2.8341892525218118e-09,3.762967330742426e-08,0.15650736340861882,5.014654386690766e-05,4.2741660000000015e-05,2.0231931279973036e-08,3.304356000217385e-05,23.0,W,1
10,7713041,26.38094784285586,65.95189404131911,1.1290284115541005,0.8531458702387359,3.032778537686489,11.715105241127754,65.74529853200586,1.6895318993482225,0.3222224421753072,1.01912272120818,0.18579225538476474,2.69543559586809,0.0339298898957679,1.6895318993482225,0.0,0.9026569203702872,-0.0074828696449793,6.389566438790996e-12,10,3.0,3.0,1.0,1.0,1.0,4.0,4.0,2.0,4.0,5.0,2.0,3.0,3.0,2.0,0.0,4.0,3.0,4.0,Agave,84.22999999130639,1481.0000000000002,0.0140199975064919,50.0,0.3120000041016045,0.0799999901918153,3995,both,336498.84996526904,5916595.000000001,56.00989003843514,199750.0,1246.44001638591,319.59996081630214,MEX,MEX,9.66e-09,2.01e-12,both,2.12e-07,1.35e-08,8.88e-09,6.71e-07,6.04e-13,0.052539363600000014,0.0017737800000000002,3.758263621578998e-05,3.0879780174067195e-06,0.0002642452834738129,3.0,3.5,3.0,2.6666666666666665,4.0,3.5,4.0,1.5,0.15761809080000005,3.4362933196655923e-05,0.07933753596694765,0.14010496960000002,0.00620823,0.0010569811338952517,1.2351912069626878e-05,5.637395432368497e-05,3.507008000000001e-05,1.554e-06,2.6457600347816064e-07,3.0918428209328857e-09,1.4111127490284098e-08,0.14743890660028858,3.690585897378938e-05,3.9453840000000015e-05,8.601485155608492e-09,1.9859208001739087e-05,20.0,T,1
33,7714501,43.92437183658713,58.04514265485659,1.206274172805194,0.9120644187605448,9.144984107616294,7.467664459809592,128.32104121475055,2.2004238596649794,0.0684856673153546,0.1974413603522686,0.18579225538476474,2.4197135699114245,0.0395410721145155,2.2004238596649794,0.0,0.8263098035671246,-0.4706111824291245,6.3895666829876376e-12,33,4.0,2.0,3.0,2.0,5.0,4.0,5.0,5.0,1.0,1.0,2.0,1.0,4.0,5.0,0.0,2.0,1.0,5.0,Agave,84.22999999130639,1481.0000000000002,0.0140199975064919,50.0,0.3120000041016045,0.0799999901918153,2814,both,237023.21997553617,4167534.0000000005,39.45227298326821,140700.0,877.9680115419151,225.11997239976827,MEX,MEX,9.66e-09,2.01e-12,both,2.12e-07,1.35e-08,8.88e-09,6.71e-07,6.04e-13,0.03700770192000001,0.0012494160000000002,2.647247517177297e-05,2.1751114245262854e-06,0.00018612921844688598,3.5,3.0,2.2,3.6666666666666665,5.0,2.0,1.0,4.0,0.12952695672000003,5.403250605580908e-05,0.01896917400611722,0.13569490704000003,0.0024988320000000003,0.0009306460922344299,2.1751114245262854e-06,0.00010588990068709187,4.822136000000001e-05,8.880000000000001e-07,3.307200043477007e-07,7.729607052332215e-10,3.762967330742426e-08,0.13923245014434607,4.9478482638360365e-05,4.602948000000001e-05,1.9201317006328742e-08,6.741000002173852e-06,24.0,X,1
21,7713084,23.61086389888152,84.34444375016737,1.2793209170557098,1.2212680871575603,10.806836744713328,4.376439385148223,112.35423603238505,1.9657641126692675,0.1336000821788497,0.4281912089273121,0.18579225538476474,2.436843908164996,0.0412072074073102,1.9657641126692675,0.0,0.9173562093290012,0.2855491519343551,6.389567744976102e-12,21,2.0,5.0,5.0,3.0,5.0,3.0,5.0,4.0,2.0,2.0,2.0,1.0,5.0,4.0,0.0,5.0,5.0,5.0,Agave,84.22999999130639,1481.0000000000002,0.0140199975064919,50.0,0.3120000041016045,0.0799999901918153,1942,both,163574.659983117,2876102.0000000005,27.22683515760727,97100.0,605.9040079653159,155.35998095250534,MEX,MEX,9.66e-09,2.01e-12,both,2.12e-07,1.35e-08,8.88e-09,6.71e-07,6.04e-13,0.025539785760000006,0.000862248,1.8269206390754477e-05,1.5010896895629162e-06,0.00012845164968864698,5.0,5.0,2.8,5.0,5.0,5.0,1.6666666666666667,4.5,0.12769892880000003,4.235662245383334e-05,0.06417059352422164,0.12769892880000003,0.00431124,0.0006422582484432349,2.501816149271527e-06,8.221142875839515e-05,6.575640000000001e-05,2.22e-06,3.307200043477008e-07,1.2882678420553691e-09,4.233338247085229e-08,0.13273714029335093,6.835074165466063e-05,6.575640000000001e-05,2.181082515645383e-08,3.304356000217386e-05,28.0,AB,1
34,7714502,30.741497076680908,56.06792219473802,1.1794017560996175,1.1260413445862378,5.1518839948279735,3.881802338655273,43.21237632111536,2.225024595232741,0.2259456208188104,0.8105335233022262,0.18579225538476474,2.576371711266022,0.0108980673362572,2.225024595232741,0.0,0.9014350439903306,-0.5166481616820329,6.389566496269272e-12,34,3.0,2.0,3.0,3.0,2.0,3.0,3.0,5.0,3.0,4.0,2.0,2.0,1.0,5.0,0.0,4.0,1.0,4.0,Agave,84.22999999130639,1481.0000000000002,0.0140199975064919,50.0,0.3120000041016045,0.0799999901918153,4517,both,380466.90996073093,6689677.000000001,63.32832873682391,225850.0,1409.3040185269476,361.3599556964297,MEX,MEX,9.66e-09,2.01e-12,both,2.12e-07,1.35e-08,8.88e-09,6.71e-07,6.04e-13,0.05940433176000001,0.0020055480000000002,4.249330858240885e-05,3.491463505538461e-06,0.0002987724519277129,2.75,2.5,3.4,2.0,4.0,3.0,3.0,4.0,0.16336191234000003,9.022381242312539e-05,0.030299710783855432,0.11880866352000002,0.006016644000000001,0.0011950898077108516,1.0474390516615383e-05,0.0001699732343296354,2.6302560000000005e-05,1.3320000000000001e-06,2.6457600347816064e-07,2.3188821156996643e-09,3.762967330742426e-08,0.12620084495255712,2.7939084558901288e-05,3.616602000000001e-05,1.9974277711561965e-08,6.707928001739082e-06,18.0,R,1
1,7532204,13.33092410529701,86.94381403041301,1.1182391205724262,2.886070944549088,6.462451187577526,26.718404006064223,319.49832314972207,1.912694388294207,0.2375029789934304,0.5998780407267883,0.18579225538476474,2.9953900973951395,0.0345494079519743,1.912694388294207,0.1829075406578766,0.8815508424449855,0.413887349542886,1.9178771575772922e-13,1,1.0,5.0,1.0,5.0,3.0,5.0,5.0,3.0,3.0,3.0,2.0,5.0,3.0,3.0,5.0,3.0,5.0,2.0,Agave,84.22999999130639,1481.0000000000002,0.0140199975064919,50.0,0.3120000041016045,0.0799999901918153,2135,both,179831.04998143914,3161935.0000000005,29.932694676360207,106750.0,666.1200087569256,170.79997905952567,MEX,MEX,9.66e-09,2.01e-12,both,2.12e-07,1.35e-08,8.88e-09,6.71e-07,6.04e-13,0.028077982800000005,0.0009479400000000001,2.00848381278377e-05,1.6502711056729277e-06,0.00014121744185646823,4.0,3.5,3.0,4.333333333333333,2.0,4.0,3.6666666666666665,2.0,0.11231193120000002,2.3110335154904735e-05,0.07033617444185648,0.12167125880000002,0.0037917600000000004,0.00028243488371293646,6.0509940541340675e-06,4.01696762556754e-05,5.6988880000000005e-05,1.7760000000000002e-06,1.3228800173908032e-07,2.8341892525218113e-09,1.881483665371213e-08,0.12579167435402275,5.8918817027645315e-05,5.260512000000001e-05,1.0824512953116972e-08,3.2944344000869546e-05,26.0,Z,1
6,7712208,21.263701003585187,83.21467126920872,1.1297253385267425,2.224564263437779,5.210458843677946,21.699405912222947,258.6990443949834,1.896851593008224,0.2900208018185816,0.6346823000659727,0.0430203629570503,2.610661759805947,0.0284326293569491,1.896851593008224,0.2206242773820154,0.9313963769975075,-0.1900297356259412,3.861040228397912e-12,6,2.0,5.0,2.0,4.0,2.0,5.0,5.0,3.0,4.0,3.0,2.0,2.0,2.0,3.0,5.0,5.0,2.0,4.0,Agave,84.22999999130639,1481.0000000000002,0.0140199975064919,50.0,0.3120000041016045,0.0799999901918153,2034,both,171323.8199823172,3012354.0000000005,28.516674928204523,101700.0,634.6080083426635,162.71998005015234,MEX,MEX,9.66e-09,2.01e-12,both,2.12e-07,1.35e-08,8.88e-09,6.71e-07,6.04e-13,0.026749703520000008,0.000903096,1.9134688876825236e-05,1.5722020744443724e-06,0.00013453689776864468,4.25,3.0,2.8,3.0,4.0,5.0,3.0,2.5,0.11368623996000003,2.6276664207698103e-05,0.0270187773155373,0.08024911056000003,0.0045154800000000005,0.0005381475910745787,4.716606223333117e-06,4.783672219206309e-05,3.9453840000000015e-05,2.2200000000000003e-06,2.6457600347816064e-07,2.3188821156996643e-09,2.3518545817140163e-08,0.08535529147949002,4.196425343141102e-05,5.589294000000002e-05,1.2918713966419913e-08,1.3283568001739084e-05,27.0,AA,1
40,7714508,48.40644384692346,36.66063656828414,1.1314361282203602,0.2393611356459479,2.035498022448724,17.27822036018009,15.088866308154078,2.37265468671836,0.5079278408735618,0.9898432614744872,0.0430203592455064,2.657219820847924,0.0286828686560076,2.37265468671836,0.0,0.8890072966170586,0.0199657705439633,6.2929695471622585e-12,40,4.0,1.0,2.0,1.0,1.0,5.0,2.0,5.0,5.0,4.0,1.0,3.0,2.0,5.0,0.0,4.0,3.0,4.0,Agave,84.22999999130639,1481.0000000000002,0.0140199975064919,50.0,0.3120000041016045,0.0799999901918153,2718,both,228937.13997637076,4025358.0000000005,38.106353222644984,135900.0,848.016011148161,217.439973341354,MEX,MEX,9.66e-09,2.01e-12,both,2.12e-07,1.35e-08,8.88e-09,6.71e-07,6.04e-13,0.035745179040000005,0.0012067920000000002,2.5569363012394784e-05,2.1009071968238957e-06,0.00017977939436341015,2.0,3.5,3.8,2.0,4.0,2.5,4.0,3.5,0.07149035808000001,4.8948199665338665e-05,0.05397732734872683,0.07149035808000001,0.0030169800000000003,0.0007191175774536406,8.403628787295583e-06,8.949277054338175e-05,2.6302560000000005e-05,1.1100000000000002e-06,2.6457600347816064e-07,3.0918428209328857e-09,3.292596414399623e-08,0.07532435205678432,2.771315381044309e-05,2.6302560000000005e-05,1.8008903482464555e-08,1.9859208001739084e-05,25.0,Y,1
48,7714606,47.532068073959415,29.88280758305125,1.134340607936859,0.8833733643836432,10.058080593308272,1.9876172625831363,21.05273307931756,2.2756664724693394,0.5568513893436697,1.0191224788013065,0.18579225538476474,2.673622510163466,0.0320869693283394,2.2756664724693394,0.0,0.8325202015142343,0.0102858414998979,3.645077345246242e-12,48,4.0,1.0,2.0,2.0,5.0,2.0,2.0,5.0,5.0,5.0,2.0,3.0,2.0,5.0,0.0,2.0,3.0,3.0,Agave,84.22999999130639,1481.0000000000002,0.0140199975064919,50.0,0.3120000041016045,0.0799999901918153,1625,both,136873.74998587288,2406625.0000000005,22.782495948049338,81250.0,507.0000066651073,129.99998406169988,MEX,MEX,9.66e-09,2.01e-12,both,2.12e-07,1.35e-08,8.88e-09,6.71e-07,6.04e-13,0.021370830000000007,0.0007215,1.5287054781141105e-05,1.2560611460039849e-06,0.00010748400141300275,2.5,3.0,4.0,3.3333333333333335,3.0,1.5,4.333333333333333,3.5,0.05342707500000002,2.94738116833389e-05,0.03221747100211952,0.07123610000000002,0.00108225,0.0003224520042390082,5.442931632683934e-06,5.3504691733993864e-05,4.3837600000000015e-05,6.660000000000001e-07,1.9843200260862043e-07,3.3494963893439592e-09,3.2925964143996225e-08,0.07269974962760573,4.473830746314199e-05,3.287820000000001e-05,1.8137730266670092e-08,1.9826136001304317e-05,30.0,AD,1
18,7713080,48.22107453019257,48.54350983182782,1.2050671762903369,0.4751955847995149,4.659420474018996,3.129458223808417,34.75993348630515,2.162272357605507,0.1863078103216038,0.6222894285159314,0.18579225538476474,2.466010439963403,0.0382178715787835,2.162272357605507,0.0,0.8896614000914926,0.411057845039792,6.389567469717946e-12,18,4.0,2.0,3.0,1.0,2.0,3.0,3.0,5.0,3.0,3.0,2.0,1.0,4.0,5.0,0.0,4.0,5.0,5.0,Agave,84.22999999130639,1481.0000000000002,0.0140199975064919,50.0,0.3120000041016045,0.0799999901918153,1582,both,133251.8599862467,2342942.0000000005,22.179636055270187,79100.0,493.58400648873834,126.55998448345181,MEX,MEX,9.66e-09,2.01e-12,both,2.12e-07,1.35e-08,8.88e-09,6.71e-07,6.04e-13,0.020805324960000007,0.0007024080000000001,1.4882535793086296e-05,1.2228238356789561e-06,0.00010463980937561252,2.75,5.0,3.0,3.3333333333333335,5.0,3.0,2.3333333333333335,4.0,0.05721464364000002,3.1191699394464706e-05,0.05227491192343905,0.06935108320000002,0.0021072240000000004,0.0005231990468780626,2.853255616584231e-06,5.953014317234518e-05,4.3837600000000015e-05,1.3320000000000003e-06,3.307200043477008e-07,1.8035749788775164e-09,3.762967330742426e-08,0.07204388964566702,4.553975325263402e-05,3.6166020000000014e-05,1.9716624143150887e-08,3.304356000217386e-05,31.0,AE,1
28,7714100,32.919772109606804,83.00078789238786,1.4029854514174582,1.8242926087325264,6.783425947633846,7.155762709751415,33.818794724113,1.6765905965992742,0.0597383201108908,0.1722260531204029,0.18579225538476474,2.423134521405241,0.0373493434359962,1.6765905965992742,0.1054461834124965,0.9051804792904624,-0.6471474703727672,5.309418245826979e-12,28,3.0,5.0,5.0,4.0,4.0,4.0,3.0,2.0,1.0,1.0,2.0,1.0,3.0,2.0,4.0,4.0,1.0,4.0,Agave,84.22999999130639,1481.0000000000002,0.0140199975064919,50.0,0.3120000041016045,0.0799999901918153,1708,both,143864.8399851513,2529548.0000000005,23.946155741088166,85400.0,532.8960070055405,136.63998324762053,MEX,MEX,9.66e-09,2.01e-12,both,2.12e-07,1.35e-08,8.88e-09,6.71e-07,6.04e-13,0.022462386240000007,0.0007583520000000001,1.606787050227016e-05,1.320216884538342e-06,0.00011297395348517458,4.0,2.5,2.0,2.6666666666666665,4.0,4.5,1.0,3.5,0.08984954496000003,2.877888182124195e-05,0.011457141026970352,0.059899696640000014,0.0034125840000000006,0.0004518958139406983,1.320216884538342e-06,5.6237546757945556e-05,3.507008000000001e-05,1.998e-06,2.645760034781606e-07,7.729607052332213e-10,3.2925964143996225e-08,0.06382173421758319,3.73663549283274e-05,5.260512000000002e-05,1.6849462424614724e-08,6.707928001739082e-06,29.0,AC,1
45,7714603,67.08494351659962,21.69123339022309,1.0616163357409891,0.9595098591978544,11.071397913365027,1.544357501320655,4.012092882685196,2.215178040808241,0.5274737519809826,1.00079310732354,0.18579225538476474,2.6651037857084807,0.0301712955665673,2.215178040808241,0.0,0.8490173024858791,-0.0763952563800972,3.861040257024531e-12,45,5.0,1.0,1.0,2.0,5.0,2.0,1.0,5.0,5.0,4.0,2.0,3.0,2.0,5.0,0.0,2.0,2.0,4.0,Agave,84.22999999130639,1481.0000000000002,0.0140199975064919,50.0,0.3120000041016045,0.0799999901918153,1494,both,125839.61998701174,2212614.0000000005,20.945876274698897,74700.0,466.1280061277971,119.51998534657207,MEX,MEX,9.66e-09,2.01e-12,both,2.12e-07,1.35e-08,8.88e-09,6.71e-07,6.04e-13,0.019648012320000005,0.000663336,1.405468298032296e-05,1.1548032936184329e-06,9.881913729909298e-05,2.25,3.0,3.6,2.6666666666666665,4.0,1.5,4.0,3.0,0.044208027720000015,2.3391631057721307e-05,0.01984565059459819,0.05239469952000001,0.000995004,0.00039527654919637193,4.6192131744737314e-06,4.2164048940968884e-05,3.507008000000001e-05,6.660000000000001e-07,2.645760034781606e-07,3.0918428209328857e-09,2.8222254980568195e-08,0.05383176333131182,3.603197010127967e-05,2.959038000000001e-05,1.565704890075054e-08,1.3283568001739082e-05,32.0,AF,1
7,7712209,14.040408909985414,83.0991433657198,1.17454155232515,2.3020221065415707,9.458117784123218,7.78216086924275,134.53756582362976,2.148385930430913,0.0825160727571293,0.2652493823240376,0.0430203613650911,2.6220099307152216,0.033660451833443,2.148385930430913,0.1287276034520321,0.9078766346514828,-0.3430463988989221,3.883696005153307e-12,7,1.0,5.0,3.0,4.0,5.0,4.0,5.0,4.0,2.0,2.0,2.0,3.0,2.0,4.0,4.0,4.0,1.0,4.0,Agave,84.22999999130639,1481.0000000000002,0.0140199975064919,50.0,0.3120000041016045,0.0799999901918153,939,both,79091.9699918367,1390659.0000000002,13.164777658595893,46950.0,292.96800385140665,75.11999079011457,MEX,MEX,9.66e-09,2.01e-12,both,2.12e-07,1.35e-08,8.88e-09,6.71e-07,6.04e-13,0.012349051920000003,0.00041691600000000003,8.833565808917844e-06,7.258101022139949e-07,6.210921681649821e-05,4.75,2.5,2.8,3.6666666666666665,4.0,4.5,2.3333333333333335,3.5,0.058657996620000014,1.6305518618189223e-05,0.006298744393632998,0.04527985704000001,0.001876122,0.00024843686726599284,1.6935569051659884e-06,3.0917480331212456e-05,4.822136000000001e-05,1.998e-06,2.6457600347816064e-07,1.803574978877517e-09,3.2925964143996225e-08,0.04743702694450238,5.0518665542601045e-05,6.246858000000001e-05,1.7364769561436873e-08,6.707928001739082e-06,34.0,AH,1
31,7714401,16.193831391573866,77.07888933808667,1.1922054742915946,1.1439999173067734,6.418328570816029,0.4888062179946586,36.06330319624634,2.1562641650434293,0.221182319805334,0.7324744435817805,0.18579225538476474,2.5494995528440345,0.0267437156497696,2.1562641650434293,0.0,0.8475891096083403,0.0163101696709001,6.3895674115463685e-12,31,2.0,4.0,3.0,3.0,3.0,1.0,3.0,4.0,3.0,3.0,2.0,1.0,1.0,4.0,0.0,2.0,3.0,5.0,Agave,84.22999999130639,1481.0000000000002,0.0140199975064919,50.0,0.3120000041016045,0.0799999901918153,1111,both,93579.5299903414,1645391.0000000002,15.576217229712501,55550.0,346.6320045568826,88.87998910310681,MEX,MEX,9.66e-09,2.01e-12,both,2.12e-07,1.35e-08,8.88e-09,6.71e-07,6.04e-13,0.014611072080000004,0.0004932840000000001,1.0451641761137088e-05,8.58759343514109e-07,7.34859849660591e-05,3.0,4.0,2.8,3.0,5.0,3.0,2.3333333333333335,3.5,0.043833216240000014,1.9292258982756367e-05,0.022100323082415156,0.043833216240000014,0.0014798520000000003,0.0003674299248302955,2.0037718015329212e-06,3.658074616397981e-05,3.9453840000000015e-05,1.3320000000000001e-06,3.307200043477007e-07,1.8035749788775168e-09,3.292596414399623e-08,0.04571908268279583,4.115128954347059e-05,3.9453840000000015e-05,1.7364769561436873e-08,1.9892280002173857e-05,33.0,AG,1
27,7713090,33.72039128832468,73.93977537416767,1.4659300355890017,1.9596262635798525,7.228061602719416,6.160030699102284,44.294278445866894,1.732572767956948,0.1186660126042587,0.396345981896266,0.18579225538476474,2.465627243979231,0.0302334261635895,1.732572767956948,0.3590036723532758,0.9373490953870792,0.0713711051906541,6.385316280336588e-12,27,3.0,4.0,5.0,4.0,4.0,4.0,3.0,2.0,2.0,2.0,2.0,1.0,2.0,2.0,5.0,5.0,4.0,4.0,Agave,84.22999999130639,1481.0000000000002,0.0140199975064919,50.0,0.3120000041016045,0.0799999901918153,895,both,75385.84999221921,1325495.0000000002,12.54789776831025,44750.0,279.240003670936,71.5999912216747,MEX,MEX,9.66e-09,2.01e-12,both,2.12e-07,1.35e-08,8.88e-09,6.71e-07,6.04e-13,0.011770395600000002,0.00039738,8.419639402536177e-06,6.917998311837331e-07,5.9198880778238434e-05,4.0,4.0,2.4,3.6666666666666665,4.0,4.5,1.6666666666666667,3.5,0.04708158240000001,1.5310868813758087e-05,0.02365918896155648,0.043158117200000005,0.0017882100000000001,0.00023679552311295374,1.1529997186395552e-06,2.946873790887662e-05,4.822136e-05,1.998e-06,2.645760034781606e-07,1.288267842055369e-09,3.2925964143996225e-08,0.045213744460740474,5.051815023546422e-05,5.260512000000001e-05,1.7107115993025795e-08,2.6434848001739085e-05,35.0,AI,1
12,7713043,32.127368570347954,75.69061554462935,1.1465566199413768,0.7984933457829047,3.971569177855522,4.752108843135401,109.324026096823,1.889612684379728,0.3222224479363653,1.0191226745697806,0.18579225538476474,2.69543571529879,0.0339298935051945,1.889612684379728,0.0,0.908785886086422,0.7736215103772693,6.389566300834588e-12,12,3.0,4.0,2.0,1.0,2.0,3.0,5.0,3.0,4.0,5.0,2.0,3.0,3.0,3.0,0.0,4.0,5.0,4.0,Agave,84.22999999130639,1481.0000000000002,0.0140199975064919,50.0,0.3120000041016045,0.0799999901918153,640,both,53907.19999443609,947840.0000000001,8.972798404154815,32000.0,199.68000262502687,51.199993722761796,MEX,MEX,9.66e-09,2.01e-12,both,2.12e-07,1.35e-08,8.88e-09,6.71e-07,6.04e-13,0.008416819200000002,0.00028416000000000004,6.020747729187882e-06,4.946948513492617e-07,4.233216055650569e-05,3.75,4.5,3.4,4.0,4.0,4.0,4.0,2.5,0.031563072000000005,8.515324364183376e-06,0.021126712321113017,0.03366727680000001,0.0011366400000000002,0.00016932864222602277,1.978779405397047e-06,1.5051869322969705e-05,5.260512000000001e-05,1.7760000000000002e-06,2.645760034781606e-07,3.0918428209328857e-09,2.3518545817140163e-08,0.0349902760909544,5.467230639211625e-05,4.931730000000001e-05,1.3305194319036526e-08,3.3010488001739086e-05,39.0,AM,1
3,7532206,11.958959312457097,86.53668303673584,1.1524294233291088,3.996776042491771,5.806317768565947,9.582032968967278,221.37145975251272,2.323695290084667,0.1658847256418211,0.5613236419333404,0.18579225538476474,3.0608885713154144,0.0332271969880117,2.323695290084667,0.0784941052486534,0.870506963330165,0.4748244178064107,1.917877082281385e-13,3,1.0,5.0,2.0,5.0,3.0,4.0,5.0,5.0,3.0,3.0,2.0,5.0,2.0,5.0,4.0,3.0,5.0,2.0,Agave,84.22999999130639,1481.0000000000002,0.0140199975064919,50.0,0.3120000041016045,0.0799999901918153,561,both,47253.02999512288,830841.0000000001,7.865218601141955,28050.0,175.03200230100012,44.879994497608386,MEX,MEX,9.66e-09,2.01e-12,both,2.12e-07,1.35e-08,8.88e-09,6.71e-07,6.04e-13,0.0073778680800000015,0.000249084,5.277561681366252e-06,4.336309556358372e-07,3.7106784487812025e-05,4.0,3.5,3.6,4.333333333333333,2.0,4.0,3.6666666666666665,3.5,0.029511472320000006,1.003072302772331e-05,0.018481776984487816,0.03197076168,0.000996336,7.421356897562405e-05,1.5899801706647363e-06,1.8471465884781884e-05,5.6988880000000005e-05,1.776e-06,1.322880017390803e-07,2.8341892525218118e-09,3.2925964143996225e-08,0.03306137269503107,5.8932928155135605e-05,5.260512000000001e-05,1.788007669825902e-08,3.2944344000869546e-05,41.0,AO,1
9,7713020,21.617680128594863,81.32610403635748,1.159424601522004,1.8645391732256136,6.037110454059607,5.3173304627138736,66.00994444768338,2.0201316298877274,0.2034712476506173,0.672284450209744,0.18579225538476474,2.811778007279269,0.0336649493963092,2.0201316298877274,0.1961358033431334,0.881413640936147,-0.3564656868664995,6.349829162203131e-12,9,2.0,4.0,2.0,4.0,3.0,4.0,4.0,4.0,3.0,3.0,2.0,4.0,2.0,4.0,5.0,3.0,1.0,4.0,Agave,84.22999999130639,1481.0000000000002,0.0140199975064919,50.0,0.3120000041016045,0.0799999901918153,830,both,69910.8999927843,1229230.0000000002,11.636597930388277,41500.0,258.96000340433176,66.39999185920671,MEX,MEX,9.66e-09,2.01e-12,both,2.12e-07,1.35e-08,8.88e-09,6.71e-07,6.04e-13,0.010915562400000004,0.00036852000000000006,7.808157211290534e-06,6.415573853435737e-07,5.489952072171833e-05,3.5,2.5,3.2,2.6666666666666665,4.0,3.5,3.3333333333333335,3.0,0.03820446840000001,1.2781498125841758e-05,0.005567580241443439,0.02910816640000001,0.0012898200000000001,0.00021959808288687333,2.1385246178119126e-06,2.3424471633871604e-05,3.5070080000000014e-05,1.554e-06,2.6457600347816064e-07,2.5765356841107382e-09,2.8222254980568195e-08,0.030643147479138568,3.6919454794142853e-05,4.6029480000000016e-05,1.5399395332339466e-08,6.707928001739083e-06,36.0,AJ,1
20,7713083,22.888986174644668,89.0358499428198,1.4063607228189838,1.3467439833156347,7.658418508005228,3.751283363625225,54.9614084708381,1.824192584953439,0.1863077842629743,0.6222895530179624,0.18579225538476474,2.466010342301764,0.0382178608240906,1.824192584953439,0.0792178244513636,0.918768299578296,-0.4663392658853741,6.389566288980446e-12,20,2.0,5.0,5.0,3.0,4.0,3.0,4.0,3.0,3.0,3.0,2.0,1.0,4.0,3.0,4.0,5.0,1.0,4.0,Agave,84.22999999130639,1481.0000000000002,0.0140199975064919,50.0,0.3120000041016045,0.0799999901918153,682,both,57444.859994070954,1010042.0000000001,9.561638299427475,34100.0,212.78400279729428,54.55999331081804,MEX,MEX,9.66e-09,2.01e-12,both,2.12e-07,1.35e-08,8.88e-09,6.71e-07,6.04e-13,0.008969172960000002,0.000302808,6.415859298915836e-06,5.27159200969057e-07,4.511020859302638e-05,4.5,2.5,3.0,3.0,4.0,5.0,2.3333333333333335,4.0,0.04036127832000001,1.3446737665628904e-05,0.004574806897186054,0.02690751888000001,0.00151404,0.00018044083437210553,1.2300381355944664e-06,2.5663437195663344e-05,3.9453840000000015e-05,2.22e-06,2.645760034781606e-07,1.8035749788775168e-09,3.762967330742426e-08,0.028628893189703374,4.1977849251764474e-05,5.918076000000002e-05,1.9716624143150887e-08,6.707928001739081e-06,38.0,AL,1
47,7714605,66.55581922544334,20.182787443605665,1.1261396646212087,0.916202239301827,11.013652594139456,1.7338743955755571,2.2355588971836333,2.2106279593067404,0.4870528585228034,0.9755734180272032,0.18579225538476474,2.653381426720865,0.0275355062281541,2.2106279593067404,0.0,0.8094848572832447,-0.1824827885603251,3.861039776637099e-12,47,5.0,0.0,1.0,2.0,5.0,2.0,1.0,5.0,4.0,4.0,2.0,3.0,1.0,5.0,0.0,1.0,2.0,3.0,Agave,84.22999999130639,1481.0000000000002,0.0140199975064919,50.0,0.3120000041016045,0.0799999901918153,734,both,61824.81999361889,1087054.0000000002,10.290678169765055,36700.0,229.0080030105777,58.71999280079243,MEX,MEX,9.66e-09,2.01e-12,both,2.12e-07,1.35e-08,8.88e-09,6.71e-07,6.04e-13,0.009653039520000004,0.00032589600000000005,6.905045051912352e-06,5.673531576411845e-07,4.854969663824247e-05,1.75,2.5,3.4,2.6666666666666665,3.0,0.5,3.6666666666666665,3.0,0.016892819160000006,1.1397715033544033e-05,0.009725864064957367,0.02574143872000001,0.00016294800000000003,0.0001456490899147274,2.0802949113510097e-06,2.0715135155737057e-05,3.5070080000000014e-05,2.2200000000000003e-07,1.9843200260862046e-07,2.8341892525218118e-09,2.8222254980568195e-08,0.026072831239981824,3.552156844684172e-05,2.3014740000000008e-05,1.5528222116545003e-08,1.3250496001304314e-05,37.0,AK,1
23,7713086,12.15722427424115,88.27949988373548,1.2262083963099433,1.7089612828000071,9.36215500742304,0.7421626959727762,26.285073872681416,2.009974712468922,0.2200965617286296,0.7209433048410754,0.18579225538476474,2.523046085463359,0.0371518649973393,2.009974712468922,0.0006217307648,0.8374852014282648,0.6561027129876402,6.389566513154128e-12,23,1.0,5.0,4.0,4.0,5.0,2.0,2.0,4.0,3.0,3.0,2.0,1.0,3.0,4.0,3.0,2.0,5.0,4.0,Agave,84.22999999130639,1481.0000000000002,0.0140199975064919,50.0,0.3120000041016045,0.0799999901918153,445,both,37482.34999613134,659045.0000000001,6.238898890388896,22250.0,138.840001825214,35.599995635357814,MEX,MEX,9.66e-09,2.01e-12,both,2.12e-07,1.35e-08,8.88e-09,6.71e-07,6.04e-13,0.005852319600000002,0.00019758000000000002,4.1863011554509494e-06,3.439675138287836e-07,2.9434080386945364e-05,3.5,4.5,3.0,4.0,4.0,3.5,2.3333333333333335,4.0,0.020483118600000006,8.773897743702147e-06,0.014689667160773896,0.023409278400000007,0.0006915300000000001,0.00011773632154778146,8.025908656004951e-07,1.6745204621803798e-05,5.260512000000002e-05,1.5540000000000003e-06,2.645760034781606e-07,1.803574978877517e-09,3.762967330742427e-08,0.024236092517035193,5.446312925176448e-05,4.6029480000000016e-05,1.9716624143150894e-08,3.301048800173909e-05,43.0,AQ,1
39,7714507,44.78076883062838,54.51639691457108,1.121303913263183,0.8838053762781642,6.212577470126628,34.61598225432495,37.992293858866894,2.371952052122347,0.5329203915492539,1.0041914218090482,0.18579225538476474,2.666683386837881,0.0305264643444671,2.371952052122347,0.0,0.8687197179121336,-0.188543239988333,6.389566850899529e-12,39,4.0,2.0,1.0,2.0,3.0,5.0,3.0,5.0,5.0,4.0,2.0,3.0,2.0,5.0,0.0,3.0,2.0,5.0,Agave,84.22999999130639,1481.0000000000002,0.0140199975064919,50.0,0.3120000041016045,0.0799999901918153,566,both,47674.179995079416,838246.0000000001,7.9353185886744155,28300.0,176.59200232150815,45.279994448567464,MEX,MEX,9.66e-09,2.01e-12,both,2.12e-07,1.35e-08,8.88e-09,6.71e-07,6.04e-13,0.007443624480000002,0.00025130400000000005,5.324598773000533e-06,4.374957591620034e-07,3.7437504492159725e-05,2.75,3.5,3.6,2.6666666666666665,5.0,2.5,4.0,3.0,0.020469967320000004,8.861889677824806e-06,0.007537218241230401,0.019849665280000005,0.0006282600000000001,0.00018718752246079862,1.7499830366480135e-06,1.59737963190016e-05,3.507008000000001e-05,1.1100000000000002e-06,3.307200043477007e-07,3.091842820932886e-09,2.8222254980568195e-08,0.020682836581816452,3.654211410214921e-05,3.616602000000001e-05,1.565704890075054e-08,1.3316640002173854e-05,40.0,AN,1
17,7713050,43.56086858070914,79.47705569566881,1.138066681983497,0.7716216503709095,2.929303703616758,16.709637622881058,160.3150439990318,1.7972030085737485,0.10212633900318,0.3310963711158164,0.18579225538476474,2.91074386461125,0.0368265703987514,1.7972030085737485,0.1535178728986265,0.8707870996040497,-0.1579430898331049,6.389565581111051e-12,17,4.0,4.0,2.0,1.0,1.0,4.0,5.0,3.0,2.0,2.0,2.0,4.0,3.0,3.0,5.0,3.0,2.0,4.0,Agave,84.22999999130639,1481.0000000000002,0.0140199975064919,50.0,0.3120000041016045,0.0799999901918153,451,both,37987.72999607918,667931.0000000001,6.323018875427847,22550.0,140.71200184982362,36.0799955765087,MEX,MEX,9.66e-09,2.01e-12,both,2.12e-07,1.35e-08,8.88e-09,6.71e-07,6.04e-13,0.005931227280000001,0.00020024400000000003,4.242745665412086e-06,3.486052780601828e-07,2.9830944392162607e-05,3.25,3.0,2.6,2.6666666666666665,4.0,3.5,2.6666666666666665,2.5,0.019276488660000004,5.7682391191786835e-06,0.005990889168784327,0.015816606080000004,0.0007008540000000001,0.00011932377756865043,9.296140748271541e-07,1.0606864163530214e-05,3.507008000000001e-05,1.5540000000000003e-06,2.645760034781606e-07,2.06122854728859e-09,2.3518545817140163e-08,0.01664832033580701,3.691423577784259e-05,4.274166000000001e-05,1.2789887182214376e-08,1.3283568001739084e-05,42.0,AP,1
2,7532205,45.48380392336323,56.21902266764293,1.0793030243227164,0.0100364789800418,0.0501823911760555,17.07968378180487,93.03088962108733,2.22732329992678,0.1658847433396638,0.561323703684636,0.18579225538476474,3.06088854376411,0.0332271942058602,2.22732329992678,0.0836731400205549,0.8695779300331015,0.5006884619638172,1.9178771153492781e-13,2,4.0,2.0,1.0,1.0,1.0,5.0,4.0,5.0,3.0,3.0,2.0,5.0,2.0,5.0,4.0,3.0,5.0,2.0,Agave,84.22999999130639,1481.0000000000002,0.0140199975064919,50.0,0.3120000041016045,0.0799999901918153,327,both,27543.209997157188,484287.00000000006,4.584539184622852,16350.0,102.02400134122468,26.159996792723604,MEX,MEX,9.66e-09,2.01e-12,both,2.12e-07,1.35e-08,8.88e-09,6.71e-07,6.04e-13,0.004300468560000001,0.000145188,3.0762257928819335e-06,2.527581506112634e-07,2.162908828433963e-05,2.5,3.5,3.4,3.3333333333333335,2.0,2.5,3.6666666666666665,3.0,0.010751171400000002,5.077728632110216e-06,0.010772800488284343,0.014334895200000005,0.00036297,4.325817656867926e-05,9.267798855746324e-07,9.2286773786458e-06,4.3837600000000015e-05,1.11e-06,1.322880017390803e-07,2.8341892525218118e-09,2.8222254980568195e-08,0.014751278833832905,4.511094444597219e-05,3.2878200000000007e-05,1.5528222116545003e-08,3.2944344000869546e-05,45.0,AS,1
41,7714509,25.069725089510168,70.96406738020873,1.0746716571760493,0.3800540289693951,2.323464549449608,75.3249504837358,93.49806696122496,2.3391840291003274,0.459871516602232,0.9152622427772912,0.18579225538476474,2.619286287327645,0.0336915736352079,2.3391840291003274,0.0,0.8441093202464386,-0.3502635907861659,6.3895665123118065e-12,41,3.0,3.0,1.0,1.0,1.0,5.0,4.0,5.0,4.0,4.0,2.0,3.0,2.0,5.0,0.0,2.0,1.0,4.0,Agave,84.22999999130639,1481.0000000000002,0.0140199975064919,50.0,0.3120000041016045,0.0799999901918153,347,both,29227.809996983317,513907.00000000006,4.86493913475269,17350.0,108.26400142325676,27.759996596559912,MEX,MEX,9.66e-09,2.01e-12,both,2.12e-07,1.35e-08,8.88e-09,6.71e-07,6.04e-13,0.004563494160000001,0.00015406800000000002,3.2643741594190547e-06,2.6821736471592783e-07,2.295196830173043e-05,2.5,2.5,3.4,2.0,4.0,2.5,3.6666666666666665,3.0,0.011408735400000002,5.388293074441116e-06,0.0023276510166034613,0.009126988320000001,0.00038517000000000005,9.180787320692172e-05,9.834636706250687e-07,9.793122478257163e-06,2.6302560000000005e-05,1.1100000000000002e-06,2.645760034781606e-07,2.8341892525218118e-09,2.8222254980568195e-08,0.009614742779355806,2.7708192447711256e-05,3.2878200000000007e-05,1.5528222116545003e-08,6.707928001739081e-06,44.0,AR,1
5,7712207,29.384425691016062,65.42866666022587,1.1812414407962746,1.4355968980358815,4.108668375085743,19.840996261122434,141.19036393673858,2.0353870994232275,0.1262982025068353,0.4210610453882346,0.18579225538476474,2.666757139613746,0.0340586019393615,2.0353870994232275,0.1988973836008675,0.8422772735177331,-0.214347331279527,2.876882180679324e-12,5,3.0,3.0,3.0,3.0,2.0,5.0,5.0,4.0,2.0,2.0,2.0,3.0,3.0,4.0,5.0,2.0,2.0,3.0,Agave,84.22999999130639,1481.0000000000002,0.0140199975064919,50.0,0.3120000041016045,0.0799999901918153,106,both,8928.379999078477,156986.00000000003,1.4861197356881415,5300.0,33.072000434770075,8.479998960332422,MEX,MEX,9.66e-09,2.01e-12,both,2.12e-07,1.35e-08,8.88e-09,6.71e-07,6.04e-13,0.0013940356800000004,4.7064e-05,9.971863426467429e-07,8.193383475472146e-08,7.0112640921712555e-06,3.0,2.5,2.8,3.0,3.0,2.5,2.3333333333333335,3.5,0.004182107040000001,1.8406655735123084e-06,0.0014045525761382572,0.004182107040000001,0.00011766000000000001,2.1033792276513767e-05,1.9117894776101677e-07,3.4901521992636e-06,3.945384000000001e-05,1.1100000000000002e-06,1.9843200260862043e-07,1.8035749788775166e-09,3.2925964143996225e-08,0.00432448216342354,4.079700154173151e-05,3.945384000000001e-05,1.7364769561436873e-08,1.3250496001304312e-05,46.0,AT,1
22,7713085,10.58412094408525,89.03883051963602,1.281998791457136,1.2051053686616977,6.879214933548851,0.5678499886816032,40.12843854765325,1.930971576792984,0.1863077974867546,0.6222894895122426,0.18579225538476474,2.4660101996527777,0.038217869754952,1.930971576792984,0.0,0.8842412137437141,0.8557258693651221,6.389566611015666e-12,22,1.0,5.0,5.0,3.0,4.0,1.0,3.0,3.0,3.0,3.0,2.0,1.0,4.0,3.0,0.0,3.0,5.0,4.0,Agave,84.22999999130639,1481.0000000000002,0.0140199975064919,50.0,0.3120000041016045,0.0799999901918153,63,both,5306.489999452302,93303.00000000001,0.8832598429089897,3150.0,19.656000258401082,5.039999382084364,MEX,MEX,9.66e-09,2.01e-12,both,2.12e-07,1.35e-08,8.88e-09,6.71e-07,6.04e-13,0.0008285306400000002,2.7972000000000003e-05,5.926673545919321e-07,4.869652442969295e-08,4.1670720547810295e-06,3.75,4.5,3.0,4.0,4.0,4.0,2.3333333333333335,4.0,0.003106989900000001,1.2421473210185061e-06,0.0020796607441095627,0.003314122560000001,0.00011188800000000001,1.6668288219124118e-05,1.1362522366928355e-07,2.3706694183677286e-06,5.260512000000002e-05,1.7760000000000002e-06,2.645760034781606e-07,1.8035749788775166e-09,3.762967330742426e-08,0.003445163142861162,5.468512925176447e-05,4.9317300000000017e-05,1.971662414315089e-08,3.301048800173909e-05,47.0,AU,1
4,7712200,16.74990489475019,77.71393045340547,1.1415255278341363,1.810700705540057,8.884714825147237,6.804801318088314,114.29477696057712,2.091767319722716,0.07282751237469,0.2454945814224223,0.18579225538476474,2.6210227512892046,0.0338562374623982,2.091767319722716,0.1141378233028116,0.9119560304752066,0.1982558093456758,3.861040010519052e-12,4,2.0,4.0,2.0,4.0,5.0,4.0,5.0,4.0,1.0,1.0,2.0,3.0,3.0,4.0,4.0,5.0,4.0,4.0,Agave,84.22999999130639,1481.0000000000002,0.0140199975064919,50.0,0.3120000041016045,0.0799999901918153,35,both,2948.0499996957233,51835.00000000001,0.49069991272721647,1750.0,10.920000143556157,2.7999996567135357,MEX,MEX,9.66e-09,2.01e-12,both,2.12e-07,1.35e-08,8.88e-09,6.71e-07,6.04e-13,0.0004602948000000001,1.554e-05,3.2925964143996225e-07,2.7053624683162748e-08,2.3150400304339053e-06,4.75,4.0,2.2,4.666666666666667,4.0,4.5,1.6666666666666667,3.0,0.0021864003000000003,5.164341493959123e-07,0.000925219680060868,0.0021480424000000008,6.993e-05,9.260160121735621e-06,4.5089374471937914e-08,9.877789243198867e-07,6.137264000000003e-05,1.998e-06,2.645760034781606e-07,1.288267842055369e-09,2.8222254980568192e-08,0.0022282654284205288,6.366472652630082e-05,6.246858000000001e-05,1.4755261411311782e-08,2.6434848001739085e-05,49.0,AW,1
42,7714600,38.72530905783676,39.172091319432745,1.1191731913379594,0.9581567294817596,7.392209763532859,1.9418623103125947,0.2984722308480985,1.962486210294068,0.5710638284434264,1.0191227562780003,0.18579225538476474,2.670898141442382,0.0328605534409,1.962486210294068,0.0,0.8246912429891543,0.0,9.940838008401856e-13,42,4.0,1.0,1.0,2.0,4.0,2.0,1.0,4.0,5.0,5.0,2.0,3.0,2.0,4.0,0.0,2.0,3.0,3.0,Agave,84.22999999130639,1481.0000000000002,0.0140199975064919,50.0,0.3120000041016045,0.0799999901918153,43,both,3621.8899996261744,63683.00000000001,0.6028598927791516,2150.0,13.416000176368993,3.439999578248058,MEX,MEX,9.66e-09,2.01e-12,both,2.12e-07,1.35e-08,8.88e-09,6.71e-07,6.04e-13,0.0005655050400000002,1.9092000000000003e-05,4.0451898805481077e-07,3.323731032502852e-08,2.8441920373902264e-06,2.0,3.0,3.6,2.6666666666666665,3.0,1.5,4.333333333333333,2.5,0.0011310100800000003,5.776629074394086e-07,0.0008525238480560855,0.0015080134400000003,2.8638000000000006e-05,8.532576112170679e-06,1.4402834474179024e-07,1.011297470137027e-06,3.507008000000001e-05,6.660000000000002e-07,1.9843200260862043e-07,3.3494963893439592e-09,2.3518545817140163e-08,0.00154633934192705,3.5961380044815114e-05,2.630256000000001e-05,1.3434021103242061e-08,1.9826136001304314e-05,48.0,AV,1
13,7713044,14.902581356447689,87.43897723322905,1.157736850632893,0.66194005211954,5.330645438680338,4.393745564679644,99.59865600741512,1.9125816461012628,0.322222431542188,1.0191226800559032,0.18579225538476474,2.695435829060944,0.0339298931144367,1.9125816461012628,0.0,0.9070584276517784,0.3531053295805092,6.389566459318586e-12,13,1.0,5.0,2.0,1.0,2.0,3.0,4.0,3.0,4.0,5.0,2.0,3.0,3.0,3.0,0.0,4.0,5.0,4.0,Agave,84.22999999130639,1481.0000000000002,0.0140199975064919,50.0,0.3120000041016045,0.0799999901918153,25,both,2105.74999978266,37025.00000000001,0.3504999376622975,1250.0,7.800000102540112,1.9999997547953827,MEX,MEX,9.66e-09,2.01e-12,both,2.12e-07,1.35e-08,8.88e-09,6.71e-07,6.04e-13,0.0003287820000000001,1.11e-05,2.351854581714016e-07,1.9324017630830537e-08,1.6536000217385038e-06,3.75,4.5,3.4,3.6666666666666665,4.0,4.5,4.0,2.5,0.0012329325000000006,3.326298579759131e-07,0.0008252622000434773,0.0012055340000000003,4.995e-05,6.614400086954015e-06,7.729607052332215e-08,5.87963645428504e-07,4.822136000000001e-05,1.998e-06,2.645760034781606e-07,3.091842820932886e-09,2.351854581714016e-08,0.0012627636598029062,5.051054639211625e-05,4.931730000000002e-05,1.3305194319036523e-08,3.301048800173909e-05,50.0,AX,1
29,7714204,49.26931384483027,63.91524880790035,1.2131125527406852,2.136200245284228,5.3453267863189975,0.4934127055857076,43.34152625364952,1.9650398472465016,0.0404618781947584,0.0985989468451689,0.18579225538476474,2.553859851639652,0.0469215038274178,1.9650398472465016,0.0,0.8482002813217892,-0.1757305900550059,4.695873741851435e-12,29,4.0,3.0,4.0,4.0,2.0,1.0,3.0,4.0,1.0,1.0,2.0,1.0,5.0,4.0,0.0,2.0,2.0,4.0,Agave,84.22999999130639,1481.0000000000002,0.0140199975064919,50.0,0.3120000041016045,0.0799999901918153,20,both,1684.5999998261277,29620.000000000004,0.280399950129838,1000.0,6.24000008203209,1.5999998038363061,MEX,MEX,9.66e-09,2.01e-12,both,2.12e-07,1.35e-08,8.88e-09,6.71e-07,6.04e-13,0.00026302560000000005,8.880000000000001e-06,1.881483665371213e-07,1.545921410466443e-08,1.322880017390803e-06,2.5,3.0,2.2,2.3333333333333335,4.0,2.5,1.0,4.0,0.0006575640000000001,3.840263401265748e-07,0.00026567136003478165,0.0006137264000000001,2.2200000000000004e-05,5.291520069563212e-06,1.545921410466443e-08,7.525934661484852e-07,3.0686320000000006e-05,1.1100000000000002e-06,2.645760034781606e-07,7.729607052332214e-10,3.762967330742426e-08,0.0006419859727498165,3.209929863749083e-05,3.2878200000000007e-05,1.9201317006328742e-08,1.3283568001739082e-05,51.0,AY,1
14,7713045,41.32561746915655,79.15410325956508,1.169703600553262,0.9666380447110076,6.852018176035716,2.2415116743075223,41.190638351495366,1.961307478937641,0.3182951021764437,1.0068440477833518,0.18579225538476474,2.699388456507129,0.0339872880215709,1.961307478937641,0.0,0.8860250160517978,0.6794921499957995,6.389566210657583e-12,14,4.0,4.0,2.0,2.0,4.0,3.0,3.0,4.0,4.0,4.0,2.0,3.0,3.0,4.0,0.0,4.0,5.0,4.0,Agave,84.22999999130639,1481.0000000000002,0.0140199975064919,50.0,0.3120000041016045,0.0799999901918153,11,both,926.5299999043702,16291.000000000002,0.1542199725714109,550.0,3.4320000451176496,0.8799998921099683,MEX,MEX,9.66e-09,2.01e-12,both,2.12e-07,1.35e-08,8.88e-09,6.71e-07,6.04e-13,0.00014466408000000003,4.884e-06,1.0348160159541672e-07,8.502567757565436e-09,7.275840095649417e-07,3.75,4.5,3.4,4.0,4.0,4.0,3.6666666666666665,3.0,0.0005424903000000001,1.7081044328199505e-07,0.00036311536801912994,0.0005786563200000001,1.9536e-05,2.9103360382597668e-06,3.117608177773993e-08,3.1044480478625016e-07,5.260512000000001e-05,1.776e-06,2.645760034781606e-07,2.8341892525218118e-09,2.8222254980568195e-08,0.0006014442769248239,5.4676752447711265e-05,4.93173e-05,1.5528222116545003e-08,3.3010488001739086e-05,52.0,AZ,1
49,7714608,20.424585253456225,50.08430875576037,1.143506084389401,0.9891903981854838,11.168397177419354,1.968778261808756,89.18863479262673,2.0488880688364057,0.6793766201036866,1.0191226238479263,0.18579225538476474,2.6501270881336407,0.0387560022591445,2.0488880688364057,0.0,0.8278511124711981,0.0,1.324712689773492e-13,49,2.0,2.0,2.0,2.0,5.0,2.0,4.0,4.0,5.0,5.0,2.0,3.0,4.0,4.0,0.0,2.0,3.0,1.0,Agave,84.22999999130639,1481.0000000000002,0.0140199975064919,50.0,0.3120000041016045,0.0799999901918153,11,both,926.5299999043702,16291.000000000002,0.1542199725714109,550.0,3.4320000451176496,0.8799998921099683,MEX,MEX,9.66e-09,2.01e-12,both,2.12e-07,1.35e-08,8.88e-09,6.71e-07,6.04e-13,0.00014466408000000003,4.884e-06,1.0348160159541672e-07,8.502567757565436e-09,7.275840095649417e-07,3.25,2.0,3.8,4.0,1.0,2.0,4.333333333333333,3.0,0.0004701582600000001,1.7364463253451687e-07,0.00021735991200478252,0.0005786563200000001,9.768e-06,7.275840095649417e-07,3.6844460282783554e-08,3.1044480478625016e-07,5.260512000000001e-05,8.88e-07,6.614400086954015e-08,3.3494963893439597e-09,2.8222254980568195e-08,0.000589499193274634,5.3590835752239455e-05,4.274166000000001e-05,1.5785875684956078e-08,1.9759992000434774e-05,53.0,BA,1
19,7713082,18.339006361253684,85.51179425576062,1.2856955971752029,1.3663455610006916,6.894435836882531,1.0636566174329292,48.05697371773871,1.919582241272615,0.1863078159411288,0.6222895422673,0.18579225538476474,2.466009610134324,0.0382178681751892,1.919582241272615,0.0461261012323222,0.8081192439299625,0.1417327555365203,6.389565703411223e-12,19,2.0,5.0,5.0,3.0,4.0,2.0,3.0,3.0,3.0,3.0,2.0,1.0,4.0,3.0,4.0,1.0,4.0,4.0,Agave,84.22999999130639,1481.0000000000002,0.0140199975064919,50.0,0.3120000041016045,0.0799999901918153,4,both,336.91999996522554,5924.000000000001,0.0560799900259676,200.0,1.248000016406418,0.3199999607672612,MEX,MEX,9.66e-09,2.01e-12,both,2.12e-07,1.35e-08,8.88e-09,6.71e-07,6.04e-13,5.260512000000001e-05,1.7760000000000002e-06,3.762967330742426e-08,3.0918428209328857e-09,2.645760034781606e-07,3.25,4.0,3.0,3.6666666666666665,4.0,3.0,2.3333333333333335,4.0,0.00017096664000000003,7.886649657260355e-08,0.00010573939200695634,0.00019288544000000004,5.3280000000000005e-06,1.0583040139126424e-06,7.214299915510067e-09,1.5051869322969704e-07,4.822136000000001e-05,1.3320000000000001e-06,2.645760034781606e-07,1.8035749788775168e-09,3.762967330742426e-08,0.0001994294770070579,4.9857369251764474e-05,4.274166000000001e-05,1.9716624143150887e-08,2.6434848001739085e-05,54.0,BB,1
0,7532203,28.102328267196377,62.98605811428836,1.0989042938975375,0.5674439948376219,1.5085000230978889,15.326766988497251,69.31037557167275,1.6247921190003234,0.1585806130757149,0.5361441900147826,1.9814405972917213,3.0651129486764908,0.0330698722867198,1.6247921190003234,0.0971360602797154,0.8357434055527325,0.2697962621841364,1.9178768509005802e-13,0,3.0,3.0,1.0,1.0,1.0,4.0,4.0,2.0,3.0,3.0,5.0,5.0,2.0,2.0,4.0,2.0,5.0,1.0,Agave,84.22999999130639,1481.0000000000002,0.0140199975064919,50.0,0.3120000041016045,0.0799999901918153,4,both,336.91999996522554,5924.000000000001,0.0560799900259676,200.0,1.248000016406418,0.3199999607672612,MEX,MEX,9.66e-09,2.01e-12,both,2.12e-07,1.35e-08,8.88e-09,6.71e-07,6.04e-13,5.260512000000001e-05,1.7760000000000002e-06,3.762967330742426e-08,3.0918428209328857e-09,2.645760034781606e-07,2.5,3.0,2.8,3.3333333333333335,1.0,2.5,3.6666666666666665,1.5,0.00013151280000000003,3.389063348561182e-08,0.00013164508800173912,0.00017535040000000003,4.440000000000001e-06,2.645760034781606e-07,1.1336757010087247e-08,5.644450996113639e-08,4.383760000000001e-05,1.1100000000000002e-06,6.614400086954015e-08,2.8341892525218118e-09,1.4111127490284098e-08,0.00018012275727044943,4.5030689317612356e-05,3.2878200000000007e-05,8.472658371402955e-09,3.291127200043478e-05,55.0,BC,1
16,7713049,46.18955548147552,72.69910797420482,1.1969613395618035,1.2680444655029717,9.9642895117998,1.954584528352856,27.456154518179623,2.0530400075293413,0.3217857013279804,1.0178473411653812,0.18579225538476474,2.6946984958559885,0.0339436799377895,2.0530400075293413,0.0004161744252961,0.8683267798845884,0.3987568055044658,6.389566720809799e-12,16,4.0,4.0,3.0,3.0,5.0,2.0,3.0,4.0,4.0,4.0,2.0,3.0,3.0,4.0,3.0,3.0,5.0,5.0,Agave,84.22999999130639,1481.0000000000002,0.0140199975064919,50.0,0.3120000041016045,0.0799999901918153,1,both,84.22999999130639,1481.0000000000002,0.0140199975064919,50.0,0.3120000041016045,0.0799999901918153,MEX,MEX,9.66e-09,2.01e-12,both,2.12e-07,1.35e-08,8.88e-09,6.71e-07,6.04e-13,1.3151280000000003e-05,4.4400000000000006e-07,9.407418326856065e-09,7.729607052332214e-10,6.614400086954015e-08,3.75,5.0,3.6,4.333333333333333,5.0,3.5,3.6666666666666665,3.5,4.931730000000001e-05,1.7880076698259018e-08,3.304356000217386e-05,5.6988880000000005e-05,1.5540000000000003e-06,3.307200043477007e-07,2.8341892525218118e-09,3.2925964143996225e-08,5.6988880000000005e-05,1.5540000000000003e-06,3.307200043477007e-07,2.8341892525218118e-09,3.2925964143996225e-08,5.890936015774422e-05,5.890936015774422e-05,4.931730000000001e-05,1.7880076698259018e-08,3.304356000217386e-05,56.0,BD,1
32,7714408,38.53395671124688,55.51943244048728,1.1344125883610252,0.8810957756677719,7.35479105353351,3.4130863376858027,26.462774280073017,2.04078344447342,0.331027111060146,1.019122623914987,0.18579225538476474,2.6051254633423984,0.0425022743286774,2.04078344447342,0.0,0.8308707111723727,-0.1529074117030045,6.120291473264015e-13,32,4.0,2.0,2.0,2.0,4.0,3.0,2.0,4.0,4.0,5.0,2.0,2.0,5.0,4.0,0.0,2.0,2.0,3.0,Agave,84.22999999130639,1481.0000000000002,0.0140199975064919,50.0,0.3120000041016045,0.0799999901918153,0,both,0.0,0.0,0.0,0.0,0.0,0.0,MEX,MEX,9.66e-09,2.01e-12,both,2.12e-07,1.35e-08,8.88e-09,6.71e-07,6.04e-13,0.0,0.0,0.0,0.0,0.0,2.5,2.5,3.4,2.6666666666666665,3.0,2.0,3.6666666666666665,3.0,0.0,0.0,0.0,0.0,0.0,0.0,0.0,0.0,,,,,,0.0,,,,,57.0,BE,1
15,7713048,47.77660573490033,67.7808083531687,1.177042849040464,0.970626417918774,10.113147593722106,2.0131410271310624,35.02339798423088,2.0216498472831748,0.3222224409471697,1.0191225814024845,0.18579225538476474,2.6954359867784885,0.033929894630911,2.0216498472831748,0.0,0.8780127868379947,0.2854719221574215,6.389567707290361e-12,15,4.0,3.0,3.0,2.0,5.0,2.0,3.0,4.0,4.0,5.0,2.0,3.0,3.0,4.0,0.0,3.0,5.0,5.0,Agave,84.22999999130639,1481.0000000000002,0.0140199975064919,50.0,0.3120000041016045,0.0799999901918153,0,both,0.0,0.0,0.0,0.0,0.0,0.0,MEX,MEX,9.66e-09,2.01e-12,both,2.12e-07,1.35e-08,8.88e-09,6.71e-07,6.04e-13,0.0,0.0,0.0,0.0,0.0,3.5,5.0,3.8,4.333333333333333,5.0,3.0,4.0,3.5,0.0,0.0,0.0,0.0,0.0,0.0,0.0,0.0,,,,,,0.0,,,,,58.0,BF,1
